# This .tsv file is a mechanism for resetting initial parameter values
# by changing the values here and rerunning the job with !CONTINUE 2.
# You may not change values in the first 3 fields
#                    or RP fields where RP_GN is negative.

# Fields are:
# GN, Term, Type, PSpace, Initial_value, RP_GN, RP_scale.

   2, "Exp", G, P,   0.10000000    ,    2,    1
   5, "Variance 1", V, P,    1.0000000    ,    5,    1
   3, "grm(NID);grm(NID)_1", G, P,   0.10000000    ,    3,    1

# Valid values for Pspace are F, P, U and maybe Z.

# RP_GN and RP_scale define simple parameter relationships;
# RP_GN links related parameters by the first GN number;
# RP_scale must be 1.0 for the first parameter in the set and
# otherwise specifies the size relative to the first parameter.
# Multivalue RP_scale parameters may not be altered here.

# Notice that this file is overwritten if not being read.
